Id,Name,Gender,Age,Handedness,Keyword,Potency,Resp,RT,ACC
S1010,阮一,1,55,2,dizhen,1,,,
S1010,阮一,1,55,2,jihan,1,1,0.683575400034897,1
S1010,阮一,1,55,2,shuju,2,2,0.733788699959405,1
S1010,阮一,1,55,2,xibao,3,3,0.583757500047795,1
S1010,阮一,1,55,2,gelou,2,2,0.733618499943987,1
S1010,阮一,1,55,2,shenyin,1,1,0.616966599947773,1
S1010,阮一,1,55,2,shaoshang,1,1,0.667128800065257,1
S1010,阮一,1,55,2,lieche,2,2,0.717026100028306,1
S1010,阮一,1,55,2,meishi,3,3,0.600430899998173,1
